cell_type,n_universe,n_markers,n_DEPs,n_DEP_markers,odds_ratio,p_overrep,p_twosided,overlap_genes,p_adj,direction,contrast,cluster
Excitatory neurons,2915,1114,38,8,0.427114053321102,0.992949035733138,0.0290110520770958,"ADAMTS16,AKAP12,GAS2,GRIK2,NCAM2,PHLDB2,PNMA2,PXDNL",0.0652748671734656,up,C2_vs_None,C2
dendritic cells,2915,1115,38,8,0.426487471656581,0.993031068982857,0.0289435084546894,"CCL3,CCL4,LSM1,MTPN,PFDN6,PLTP,RELB,TPRKB",0.0652748671734656,up,C2_vs_None,C2
Astrocytes,2915,1116,38,8,0.425862021020033,0.993112244634673,0.0288789599832302,"AKAP12,DIPK1C,GAS2,GRIK2,NCAM2,PLTP,PNMA2,PXDNL",0.0652748671734656,up,C2_vs_None,C2
monocytes,2915,1227,38,9,0.422827592344827,0.994753825615776,0.020723731210475,"CCL3,CCL4,FLT1,LSM1,MTPN,PFDN6,RELB,SCGB3A1,TPRKB",0.0652748671734656,up,C2_vs_None,C2
NK-cells,2915,1142,38,8,0.409987501959751,0.994946079706044,0.0282455369523697,"CCL3,CCL4,LSM1,MTPN,PFDN6,PHLDB2,RELB,TPRKB",0.0652748671734656,up,C2_vs_None,C2
Inhibitory neurons,2915,1145,38,8,0.408202547811365,0.995126425489543,0.0195988175201752,"AKAP12,FLT1,GAS2,GRIK2,LSM1,NCAM2,PNMA2,PXDNL",0.0652748671734656,up,C2_vs_None,C2
T-cells,2915,1271,38,9,0.397273409473537,0.996953099352384,0.0131366807795066,"CA6,CCL3,CCL4,LSM1,MTPN,PFDN6,RELB,SCGB3A1,TPRKB",0.0652748671734656,up,C2_vs_None,C2
granulocytes,2915,1277,38,9,0.393926252945211,0.997177093136519,0.0129316191979594,"AKAP12,CCL4,CLC,LSM1,MTPN,PFDN6,RELB,SCGB3A1,TPRKB",0.0652748671734656,up,C2_vs_None,C2
Oligodendrocyte precursor cells,2915,1015,38,7,0.418788750043595,0.99224084400872,0.0385265238355177,"AKAP12,DIPK1C,GAS2,GRIK2,NCAM2,PNMA2,PXDNL",0.0770530476710354,up,C2_vs_None,C2
Macrophages,2915,1416,38,12,0.484337875009165,0.989322086533912,0.0485672194503153,"AKAP12,CA6,CCL3,CCL4,FLT1,LSM1,MTPN,PFDN6,PLTP,RELB,SCGB3A1,TPRKB",0.0874209950105675,up,C2_vs_None,C2
Oligodendrocytes,2915,1062,38,8,0.461334641520171,0.987289356218033,0.0605886373772454,"DIPK1C,ENTPD5,GAS2,GRIK2,LSM1,NCAM2,PNMA2,PXDNL",0.0991450429809469,up,C2_vs_None,C2
B-cells,2915,1205,38,10,0.502801414432174,0.982469502952209,0.0679159450615671,"CA6,CCL3,CCL4,KLK1,LSM1,MTPN,PFDN6,RELB,SCGB3A1,TPRKB",0.101873917592351,up,C2_vs_None,C2
Plasma cells,2915,1224,38,11,0.55899054131525,0.96678638539839,0.135488455256874,"AKAP12,CA6,CCL3,CCL4,LSM1,MTPN,PFDN6,PLTP,RELB,SCGB3A1,TPRKB",0.174199442473124,up,C2_vs_None,C2
Microglial cells,2915,1150,38,10,0.544278590434701,0.969584222866537,0.131496464177485,"AKAP12,ENTPD5,FLT1,GRIK2,LSM1,NCAM2,PHLDB2,PNMA2,PXDNL,VWF",0.174199442473124,up,C2_vs_None,C2
monocytes,2915,1227,51,14,0.515118489479968,0.990082430473185,0.0325499500964168,"C3,CTSL,ERN1,FBP1,HGF,KIAA2013,LCP1,LILRA5,NPTN,PDXDC1,RBM25,RPL14,S100A11,SIL1",0.195299700578501,up,C1_vs_None,C1
NK-cells,2915,1142,51,12,0.472268595094763,0.994345133668885,0.0206602668049378,"CD3G,ERN1,IL18R1,KIAA2013,LCP1,NPTN,PDXDC1,RBM25,RPL14,S100A11,SIL1,TDP1",0.195299700578501,up,C1_vs_None,C1
Endothelial,2915,1019,51,10,0.448509973894486,0.994998016115396,0.025188999577116,"C3,KIAA2013,NPTN,PDXDC1,RBM25,RBP1,RPL14,S100A11,SIL1,TIMP3",0.195299700578501,up,C1_vs_None,C1
B-cells,2915,1205,51,14,0.531618207764471,0.986844892128905,0.0448682333425561,"C3,ERN1,FBP1,FGA,KIAA2013,LCP1,NPTN,PDXDC1,RBM25,RPL14,S100A11,SIL1,TDP1,TIMP3",0.201907050041503,up,C1_vs_None,C1
Oligodendrocyte precursor cells,2915,1015,98,45,1.6164867508306,0.0136869051168938,0.0231412414455751,"ADAM9,ARFIP1,ARHGEF10,ATG16L1,ATP1B2,CDH22,COPB2,COX6B1,CPQ,CSNK2A1,CTNNA1,CTSB,CX3CL1,DDX25,DENND2B,DNM1,EIF5,EPB41L5,GLB1,GLO1,GOLGA3,HNRNPK,INPP1,ITGB1BP1,MAP1LC3A,MICALL2,MMUT,MORC3,NECAP2,NUMB,PIBF1,PMS1,RAB2B,RAD23B,RANBP2,RYR1,SAT2,SCG2,SMPDL3A,STAT2,SUSD4,TERF1,TNPO1,TUBB3,UHRF2",0.254280640397558,down,C1_vs_None,C1
Astrocytes,2915,1116,98,47,1.50665169452481,0.0298509417483492,0.056506808977235,"ADAM9,ARFIP1,ARHGEF10,ATP1B2,CASP7,COPB2,COX6B1,CPQ,CRELD2,CSNK2A1,CTNNA1,CTSB,DDA1,DDX25,DENND2B,DNM1,EFNB2,EIF5,EPB41L5,GLB1,GLO1,GOLGA3,HNRNPK,HSD17B3,INPP1,ITGB1BP1,MAP1LC3A,MAPKAPK2,MICALL2,MMUT,MORC3,NUMB,PIBF1,PMS1,RAB2B,RAD23B,RANBP2,ROR1,RYR1,SAT2,SCG2,STAT2,TERF1,TNPO1,TUBB3,UHRF2,UNG",0.254280640397558,down,C1_vs_None,C1
Oligodendrocytes,2915,1062,98,45,1.50246928804743,0.0314393013281905,0.0543165380120097,"ADAM9,ARFIP1,ARHGEF10,ATG16L1,ATOX1,COPB2,COX6B1,CPQ,CRELD2,CSNK2A1,CTNNA1,CTSB,DDA1,DNM1,EFNB2,EIF5,EPB41L5,GLB1,GLO1,GOLGA3,HNRNPK,HSD11B1,HSD17B3,INPP1,ITGB1BP1,MAP1LC3A,MAPKAPK2,MMUT,MORC3,NECAP2,NUMB,PIBF1,PMS1,PPIF,RAB2B,RAD23B,RANBP2,ROR1,SAT2,SMPDL3A,STAT2,TERF1,TNPO1,UHRF2,ZBTB17",0.254280640397558,down,C1_vs_None,C1
Fibroblasts,2915,173,98,1,0.158584736820338,0.997759739736417,0.0285114959927108,HSD11B1,0.254280640397558,down,C1_vs_None,C1
Fibroblasts,2915,173,38,4,1.8846693810008,0.185827242463833,0.282128215303673,"AKAP12,MXRA8,PHLDB2,PLTP",0.324579231292504,up,C2_vs_None,C2
Pericytes,2915,321,38,6,1.52473338892623,0.235135034339376,0.30161977494646,"ABO,CCL3,CCL4,MXRA8,PHLDB2,PLTP",0.324579231292504,up,C2_vs_None,C2
Endothelial,2915,1019,38,10,0.661279676567693,0.904961665971722,0.306547051776254,"ADAMTS8,AKAP12,CCL3,CCL4,FLT1,LSM1,MTPN,PHLDB2,TPRKB,VWF",0.324579231292504,up,C2_vs_None,C2
Excitatory neurons,2915,1114,98,45,1.38815659190862,0.0690678485998965,0.113718817055206,"ADAM9,ARFIP1,ARHGEF10,ATG16L1,CDH22,COPB2,COX6B1,CPQ,CSNK2A1,CTNNA1,CTSB,CX3CL1,DDA1,DDX25,DENND2B,DNM1,EFNB2,EIF5,EPB41L5,GLB1,GLO1,GOLGA3,HNRNPK,INPP1,ITGB1BP1,MAP1LC3A,MICALL2,MMUT,MORC3,NUMB,PIBF1,PMS1,RAB2B,RAD23B,RANBP2,ROR1,RTKN2,SAT2,SCG2,STAT2,SUSD4,TERF1,TNPO1,TUBB3,UHRF2",0.347615516285047,down,C1_vs_None,C1
Inhibitory neurons,2915,1145,98,46,1.38267637962203,0.0711213618944793,0.115871838761682,"ADAM9,ARFIP1,ARHGEF10,ATG16L1,ATP1B2,COPB2,COX6B1,CPQ,CRELD2,CSNK2A1,CTNNA1,CTSB,CX3CL1,DDX25,DENND2B,DNM1,EFNB2,EIF5,EPB41L5,GLB1,GLO1,GOLGA3,HNRNPK,INPP1,ITGB1BP1,MAP1LC3A,MAPKAPK2,MMUT,MORC3,NUMB,PIBF1,PMS1,RAB2B,RAD23B,RANBP2,ROR1,RYR1,SAT2,SCG2,SMPDL3A,STAT2,SUSD4,TERF1,TNPO1,TUBB3,UHRF2",0.347615516285047,down,C1_vs_None,C1
Oligodendrocyte precursor cells,2915,1015,51,12,0.571002320299568,0.971501017336602,0.102701547139797,"ATRN,CTSL,LRIG1,MFAP3,NPTN,NTRK2,PDXDC1,PTPRF,RBM25,RPL14,SIL1,TIMP3",0.36972556970327,up,C1_vs_None,C1
Smooth muscle,2915,724,106,35,1.51655547534911,0.0333224608910367,0.0516523976684147,"AKAP12,AKT3,APRT,BRSK2,CACNB3,CD84,CDC37,CRELD2,CSDE1,DDX1,ENO2,GNPDA2,IMPA1,ITIH5,ITPA,LMOD1,MCFD2,MFAP4,MOCS2,NUDT16,PPP1R12A,PPP1R14A,PPP1R2,PRKAR1A,RALY,RGS10,RHOC,SERPINB1,SPRY2,STK24,STXBP3,TIMP2,TRIAP1,TXNDC9,YTHDF3",0.389907695988378,down,C0_vs_None,C0
Oligodendrocytes,2915,1062,106,48,1.46474671721089,0.0351640311058607,0.0637822404621273,"ADAM23,AHCY,AKT3,AP2B1,BEX3,BRSK2,CDC37,CLIP2,CLTA,CRELD2,CSDE1,DDX1,ENO2,EP300,FAM171B,FHIP2A,GNPDA2,GPIHBP1,GPR37,HARS1,HDGF,IMPA1,ITPA,MAP2K6,MAX,MCFD2,MDM1,MESD,MOCS2,PMS1,PPP1R12A,PPP1R14A,PPP1R2,PRKAR1A,RALY,RASGRF1,SNX9,SOWAHA,SPRY2,STK24,STXBP3,TIMP2,TMSB10,TRDMT1,TTF2,TXNDC9,VTA1,YTHDF3",0.389907695988378,down,C0_vs_None,C0
T-cells,2915,1271,106,55,1.41259142580579,0.0496984455316214,0.0897210113137601,"AHCY,AKT3,AP2B1,APRT,BEX3,CD84,CDC37,CLTA,CRELD2,CSDE1,DAPP1,DDX1,ENO2,EP300,F2R,FADD,FHIP2A,FLI1,GNPDA2,GRAP2,HARS1,HDGF,IMPA1,ITGA6,ITPA,MAP2K6,MAX,MCFD2,MDM1,MESD,MOCS2,NUDT16,PMS1,PPP1R12A,PPP1R2,PRKAR1A,PTPN6,RALY,RGS10,RHOC,SERPINB1,SMAD3,SNX9,SPRY2,STK24,STXBP3,TACC3,TIMP2,TMSB10,TRDMT1,TRIAP1,TTF2,TXNDC9,VTA1,YTHDF3",0.389907695988378,down,C0_vs_None,C0
Plasma cells,2915,1224,106,53,1.39861726861033,0.0552245102076768,0.108307693330105,"AHCY,AKAP12,AP2B1,APOB,APRT,BEX3,CDC37,CLTA,CRELD2,CSDE1,DAPP1,DDX1,EP300,F2R,FADD,FHIP2A,FLI1,HARS1,HDGF,IMPA1,ITGA6,ITPA,MAP2K6,MAX,MCFD2,MDM1,MESD,MFAP4,MOCS2,NUDT16,PBK,PMS1,PPP1R12A,PPP1R2,PRKAR1A,PTPN6,RALY,RGS10,RHOC,SERPINB1,SNX9,STK24,STXBP3,TACC3,TIMP2,TMSB10,TRDMT1,TRIAP1,TTF2,TXNDC5,TXNDC9,VTA1,YTHDF3",0.389907695988378,down,C0_vs_None,C0
B-cells,2915,1205,106,52,1.38287794588952,0.0620561253173488,0.108181706649819,"AHCY,AKT3,AP2B1,APRT,BEX3,CD84,CDC37,CLTA,CRELD2,CSDE1,DAPP1,DDX1,ENO2,EP300,FADD,FHIP2A,FLI1,GNPDA2,HARS1,HDGF,IMPA1,ITPA,MAP2K6,MAX,MCFD2,MDM1,MESD,MOCS2,NUDT16,PMS1,PPP1R12A,PPP1R14A,PPP1R2,PRKAR1A,PTPN6,RALY,RGS10,RHOC,SERPINB1,SMAD3,SNX9,STK24,STXBP3,TACC3,TIMP2,TMSB10,TRDMT1,TRIAP1,TTF2,TXNDC9,VTA1,YTHDF3",0.389907695988378,down,C0_vs_None,C0
NK-cells,2915,1142,106,49,1.3494715401236,0.0795965788501817,0.155556503663125,"AKT3,AP2B1,APRT,CD84,CDC37,CLTA,CRELD2,CSDE1,DDX1,EP300,F2R,FADD,FES,FHIP2A,FLI1,GNPDA2,GRAP2,HARS1,HDGF,IMPA1,ITGA6,ITPA,MAX,MCFD2,MDM1,MESD,MOCS2,NUDT16,PMS1,PPP1R12A,PPP1R2,PRKAR1A,PTPN6,RALY,RGS10,RHOC,SERPINB1,SMAD3,SNX9,SPRY2,STK24,STXBP3,TMSB10,TRDMT1,TRIAP1,TTF2,TXNDC9,VTA1,YTHDF3",0.44341948267846,down,C0_vs_None,C0
Excitatory neurons,2915,1114,106,47,1.30041374297799,0.11182774590765,0.187270975844661,"ADAM23,AKAP12,AKT3,AP2B1,BEX3,BRSK2,CACNB3,CDC37,CLIP2,CLTA,CSDE1,DDX1,DDX25,ENO2,EP300,FAM171B,FHIP2A,GNPDA2,HARS1,HDGF,IMPA1,ITPA,KIAA1549L,LRTM1,MAP2K6,MAX,MCFD2,MDM1,MESD,MOCS2,PMS1,PPP1R12A,PPP1R2,PRKAR1A,RALY,RASGRF1,SMAD3,SNX9,SPRY2,STK24,STXBP3,TMEM132A,TMSB10,TRDMT1,TXNDC9,VTA1,YTHDF3",0.44341948267846,down,C0_vs_None,C0
Astrocytes,2915,1116,106,47,1.29649271537897,0.114702335795283,0.22170974133923,"ADAM23,AKAP12,AKT3,AP2B1,BEX3,BRSK2,CDC37,CLIP2,CLTA,CRELD2,CSDE1,DDX1,DDX25,ENO2,EP300,FAM171B,FHIP2A,GNPDA2,HARS1,HDGF,IMPA1,ITGA6,ITPA,KIAA1549L,MAP2K6,MAX,MCFD2,MDM1,MESD,MOCS2,MYBPC1,PMS1,PPP1R12A,PPP1R2,PRKAR1A,RALY,SMAD3,SNX9,SPRY2,STK24,STXBP3,TIMP2,TMEM132A,TMSB10,TRDMT1,VTA1,YTHDF3",0.44341948267846,down,C0_vs_None,C0
Oligodendrocyte precursor cells,2915,1015,106,43,1.28979349918933,0.123365181549357,0.213503756470611,"ADAM23,AKAP12,AKT3,AP2B1,BEX3,BRSK2,CDC37,CLIP2,CLTA,CSDE1,DDX1,DDX25,ENO2,EP300,FAM171B,FHIP2A,GNPDA2,HARS1,IMPA1,ITPA,KIAA1549L,MAP2K6,MAX,MCFD2,MESD,PMS1,PPP1R12A,PPP1R2,PRKAR1A,RALY,RHOC,SMAD3,SNX9,SPRY2,STK24,STXBP3,TIMP2,TMEM132A,TMSB10,TRDMT1,TXNDC9,VTA1,YTHDF3",0.44341948267846,down,C0_vs_None,C0
Astrocytes,2915,1116,55,13,0.493157940378884,0.993261450623088,0.0248741920952375,"ALMS1,ERBB4,LAMA1,PDXDC1,RBKS,RBM19,SDHB,SEPTIN7,SNU13,TAGLN3,TXNDC15,VEGFB,VSNL1",0.447735457714275,up,C0_vs_None,C0
Smooth muscle,2915,724,38,7,0.680352380667343,0.868705471974297,0.451054014209192,"AKAP12,LSM1,MTPN,MXRA8,PFDN6,PHLDB2,TPRKB",0.451054014209192,up,C2_vs_None,C2
Fibroblasts,2915,173,51,5,1.74388043904107,0.182503910748524,0.225432224228569,"GPRC5C,HGF,ITGBL1,RBP1,TIMP3",0.460687206020169,up,C1_vs_None,C1
T-cells,2915,1271,51,18,0.701382589391594,0.912495004190008,0.255937336677872,"C3,CD3G,CTSL,ERN1,IL18R1,KIAA2013,KRT6C,LCP1,LRIG1,NPTN,PDXDC1,RBM25,RBP1,RPL14,S100A11,SIL1,TDP1,TIMP3",0.460687206020169,up,C1_vs_None,C1
dendritic cells,2915,1115,51,15,0.668269569337636,0.929432076407607,0.244551010035942,"CD3G,ERN1,FBP1,GPRC5C,IL18R1,KIAA2013,LCP1,LILRA5,NPTN,PDXDC1,RBM25,RPL14,S100A11,SIL1,TDP1",0.460687206020169,up,C1_vs_None,C1
Macrophages,2915,1416,51,20,0.678527853684788,0.932566892976942,0.203942826690069,"ATRN,C3,CTSL,ERN1,FBP1,HGF,IL18R1,KIAA2013,KRT6C,LCP1,LILRA5,NPTN,PDXDC1,RBM25,RBP1,RPL14,S100A11,SIL1,SPINK1,TIMP3",0.460687206020169,up,C1_vs_None,C1
granulocytes,2915,1277,51,17,0.636603924704387,0.953398760874539,0.154364273489584,"CTSL,ERN1,FBP1,IL18R1,KIAA2013,KRT6C,LCP1,NPTN,PDXDC1,PTPRF,RBM25,RBP1,RPL14,S100A11,SIL1,TDP1,TIMP3",0.460687206020169,up,C1_vs_None,C1
dendritic cells,2915,1115,106,46,1.24778237076953,0.156567365359492,0.26493309030914,"AHCY,AP2B1,APRT,CD84,CDC37,CLTA,CRELD2,CSDE1,DAPP1,DDX1,EP300,FES,FLI1,GNPDA2,HARS1,HDGF,IMPA1,ITPA,MAP2K6,MAX,MCFD2,MDM1,MESD,MOCS2,NUDT16,PMS1,PPP1R12A,PPP1R14A,PPP1R2,PRKAR1A,PTPN6,RALY,RGS10,RHOC,SERPINB1,SMAD3,SNX9,STK24,STXBP3,TIMP2,TMSB10,TRDMT1,TRIAP1,TXNDC9,VTA1,YTHDF3",0.476879562556453,down,C0_vs_None,C0
Endothelial,2915,1019,106,42,1.23044195903889,0.177770756254069,0.301554274830034,"AKAP12,AKT3,AP2B1,APRT,BEX3,CDC37,CLTA,CRELD2,CSDE1,EP300,FES,FLI1,GNPDA2,GPIHBP1,HDGF,IMPA1,ITGA6,ITIH5,MAX,MCFD2,MESD,MOCS2,NUDT16,PPP1R14A,PPP1R2,PRKAR1A,RALY,RGS10,RHOC,ROBO4,SERPINB1,SMAD3,SNX9,SPRY2,STK24,STXBP3,TMEM132A,TMSB10,TRIAP1,TXNDC9,VTA1,YTHDF3",0.493452449721873,down,C0_vs_None,C0
granulocytes,2915,1277,98,49,1.2938478040863,0.124608385283879,0.215371603818388,"ADAM9,APRT,ARFIP1,ATOX1,CASP7,CD58,COPB2,COX6B1,CPQ,CRELD2,CSNK2A1,CTNNA1,CTSB,DDA1,EFNB2,EIF5,GLB1,GLO1,GOLGA3,HNRNPK,INPP1,ITGB1BP1,MAP1LC3A,MAPKAPK2,MMP7,MMUT,MORC3,MRPL58,NECAP2,NUMB,PIBF1,PPIF,PROCR,RAB2B,RAD23B,RANBP2,RGS10,RPS10,RYR1,SAT2,SCG2,SERPINB5,SMPDL3A,SPINK5,STAT2,TERF1,TNPO1,UHRF2,ZBTB17",0.504283356543492,down,C1_vs_None,C1
dendritic cells,2915,1115,98,43,1.27251536163216,0.14468219014673,0.246539467800304,"ADAM9,APRT,ATOX1,CD3D,COPB2,COX6B1,CPQ,CRELD2,CSNK2A1,CTNNA1,CTSB,DDA1,DSG2,EIF5,GLB1,GLO1,GOLGA3,HNRNPK,ICOSLG,IL13RA1,ITGB1BP1,LILRA4,MAP1LC3A,MAPKAPK2,MORC3,MRPL58,NECAP2,NUMB,PIBF1,PMS1,PPIF,RAB2B,RAD23B,RANBP2,RGS10,RPS10,SAT2,SCT,SLA2,STAT2,TERF1,TNPO1,UHRF2",0.504283356543492,down,C1_vs_None,C1
Pericytes,2915,321,98,7,0.613266600319346,0.927933321542285,0.252141678271746,"ATP1B2,CD58,CPQ,GLO1,MAP1LC3A,NECAP2,NUMB",0.504283356543492,down,C1_vs_None,C1
Inhibitory neurons,2915,1145,51,16,0.702599719029469,0.906635039274537,0.311191369534126,"ATRN,CTSL,HGF,IGSF3,LRIG1,MFAP3,NPTN,NTRK2,PDXDC1,PTPRF,RBM25,RPL14,SIL1,STX1B,TDP1,TIMP3",0.509222241055842,up,C1_vs_None,C1
Oligodendrocyte precursor cells,2915,1015,55,13,0.574046715489265,0.974357886826176,0.0868756722821432,"ALMS1,BLOC1S2,CXADR,ERBB4,PDXDC1,RBKS,RBM19,SDHB,SEPTIN7,TAGLN3,TXNDC15,VEGFB,VSNL1",0.521254033692859,up,C0_vs_None,C0
Endothelial,2915,1019,55,13,0.570534354928269,0.975580719798159,0.0865512595152381,"ASS1,BLOC1S2,CD83,COQ7,FUOM,MRPL28,PDXDC1,SART1,SDHB,SEPTIN7,SNU13,TXNDC15,VAMP5",0.521254033692859,up,C0_vs_None,C0
Microglial cells,2915,1150,98,44,1.2604145703247,0.154571026145212,0.293138302670498,"ADAM9,ARFIP1,ARHGEF10,BHMT2,CD58,COPB2,COX6B1,CPQ,CSNK2A1,CTNNA1,CTSB,CX3CL1,DENND2B,DNM1,EFNB2,EIF5,EPB41L5,GLB1,GLO1,GOLGA3,HNRNPK,HSD11B1,IL13RA1,INPP1,ITGB1BP1,MAP1LC3A,MAPKAPK2,MMUT,MORC3,NUMB,PIBF1,PMS1,RAB2B,RAD23B,RANBP2,RGS10,ROR1,RYR1,SAT2,SMPDL3A,STAT2,TERF1,TNPO1,UHRF2",0.524071542596698,down,C1_vs_None,C1
Endothelial,2915,1019,98,39,1.23895336886171,0.179883319417422,0.332321005933377,"APRT,ARFIP1,ARHGEF10,ATOX1,CASP7,CD58,COPB2,COX6B1,CRELD2,CSNK2A1,CTNNA1,CTSB,CX3CL1,DDA1,EFNB2,EIF5,GLO1,GOLGA3,HNRNPK,IL13RA1,INPP1,ITGB1BP1,MAPKAPK2,MORC3,NECAP2,NUMB,PIBF1,PROCR,RAB2B,RAD23B,RANBP2,RGS10,RPS10,SAT2,STAT2,TERF1,TNPO1,UHRF2,UNG",0.524071542596698,down,C1_vs_None,C1
monocytes,2915,1227,98,46,1.22533392249204,0.187970510377483,0.349381028397799,"ADAM9,APRT,ARFIP1,ATOX1,CASP7,CD3D,CD58,COPB2,COX6B1,CPQ,CRELD2,CSNK2A1,CTNNA1,CTSB,DDA1,EIF5,GLB1,GLO1,GOLGA3,HNRNPK,ICOSLG,IL13RA1,INPP1,ITGB1BP1,MAP1LC3A,MAPKAPK2,MMUT,MORC3,MRPL58,NECAP2,NUMB,PPIF,PRND,RAB2B,RAD23B,RANBP2,RGS10,RPS10,RYR1,SAT2,SMPDL3A,STAT2,TERF1,TNPO1,UHRF2,ZBTB17",0.524071542596698,down,C1_vs_None,C1
monocytes,2915,1227,55,19,0.721841278828623,0.901188169573641,0.272676460949154,"ARAF,BLOC1S2,CD83,COQ7,EDEM2,FUOM,HMOX2,LCP1,LRCH4,MRPL28,PDXDC1,RBKS,RBM19,SART1,SDHB,SEPTIN7,SNU13,TXNDC15,VAMP5",0.545352921898308,up,C0_vs_None,C0
Macrophages,2915,1416,55,22,0.701186921298834,0.922827153408273,0.221434957865676,"ARAF,BLOC1S2,CD83,COQ7,EDEM2,FOLR3,FUOM,GAMT,HMOX2,LCP1,LRCH4,MRPL28,PDXDC1,RBKS,RBM19,SART1,SDHB,SEPTIN7,SNU13,TXNDC15,VAMP5,VEGFB",0.545352921898308,up,C0_vs_None,C0
Inhibitory neurons,2915,1145,55,17,0.687001513074513,0.924402180015806,0.212718101808972,"ALMS1,BLOC1S2,CXADR,ERBB4,HMOX2,IGLON5,NMNAT1,PDXDC1,RBKS,RBM19,SDHB,SEPTIN7,SNU13,TAGLN3,TXNDC15,VEGFB,VSNL1",0.545352921898308,up,C0_vs_None,C0
Excitatory neurons,2915,1114,55,16,0.658442652995175,0.941242175458197,0.206868797167131,"ALMS1,BLOC1S2,CXADR,ERBB4,HMOX2,NMNAT1,PDXDC1,RBKS,RBM19,SDHB,SEPTIN7,SNU13,TAGLN3,TXK,TXNDC15,VSNL1",0.545352921898308,up,C0_vs_None,C0
Microglial cells,2915,1150,55,16,0.624524720073637,0.960091070720453,0.126216550094618,"ALMS1,BLOC1S2,CD83,CXADR,ERBB4,LAMA1,LCP1,PDXDC1,RBM19,SDHB,SEPTIN7,SNU13,TAGLN3,TXNDC15,VEGFB,VSNL1",0.545352921898308,up,C0_vs_None,C0
Fibroblasts,2915,173,55,1,0.289480336402423,0.966546002337856,0.256386723073725,SOD3,0.545352921898308,up,C0_vs_None,C0
granulocytes,2915,1277,106,51,1.19720689040811,0.208537565547729,0.371024428460119,"AHCY,AHNAK2,AKAP12,AKT3,AP2B1,APRT,BEX3,BST1,CD84,CDC37,CLTA,CRELD2,CSDE1,DDX1,ENO2,EP300,EVPL,FES,FLI1,GRAP2,HARS1,HDGF,IMPA1,ITGA6,ITPA,MAP2K6,MAX,MCFD2,MESD,MOCS2,NUDT16,PPP1R12A,PPP1R2,PRKAR1A,PTPN6,RALY,RGS10,RHOC,SERPINB1,SMAD3,SNX9,SPRY2,STK24,STXBP3,TIMP2,TMSB10,TRIAP1,TTF2,TXNDC9,VTA1,YTHDF3",0.556536642690178,down,C0_vs_None,C0
Inhibitory neurons,2915,1145,106,46,1.19282122417616,0.216171642193378,0.417794947182809,"ADAM23,AKAP12,AKT3,AP2B1,BEX3,BRSK2,CDC37,CLIP2,CLTA,CRELD2,CSDE1,DDX1,DDX25,ENO2,EP300,FAM171B,FHIP2A,GNPDA2,HARS1,HDGF,IMPA1,KIAA1549L,LRTM1,MAP2K6,MAX,MCFD2,MDM1,MESD,MOCS2,PMS1,PPP1R12A,PPP1R2,PRKAR1A,RALY,RASGRF1,SNX9,SPRY2,STK24,STXBP3,TIMP2,TMEM132A,TMSB10,TRDMT1,TXNDC9,VTA1,YTHDF3",0.57848531148389,down,C0_vs_None,C0
Macrophages,2915,1416,106,55,1.14731326326589,0.27559262241116,0.490496833823542,"AHCY,AKAP12,AKT3,AP2B1,APRT,BEX3,BST1,C2,CD207,CD84,CDC37,CLIP2,CLTA,CRELD2,CSDE1,DAPP1,DDX1,EP300,FES,FHIP2A,FLI1,HARS1,HDGF,IMPA1,ITGA6,ITPA,MAX,MCFD2,MESD,MOCS2,NUDT16,PMS1,PPP1R12A,PPP1R14A,PPP1R2,PRKAR1A,PTPN6,RALY,RGS10,RHOC,SERPINB1,SMAD3,SNX9,SPRY2,STK24,STXBP3,TACC3,TIMP2,TLR2,TMSB10,TRIAP1,TTF2,TXNDC9,VTA1,YTHDF3",0.630638786344554,down,C0_vs_None,C0
Microglial cells,2915,1150,106,45,1.13754663663193,0.292081341544964,0.544205324930467,"AKAP12,AKT3,AP2B1,BEX3,CD84,CDC37,CLIP2,CLTA,CSDE1,DDX1,ENO2,EP300,ERMAP,FAM171B,FHIP2A,FLI1,HDGF,IMPA1,ITGA6,ITIH5,KIAA1549L,MAP2K6,MAX,MESD,MFAP4,PMS1,PPP1R12A,PPP1R14A,PPP1R2,PRKAR1A,RALY,RGS10,RHOC,ROBO4,SERPINB1,SMAD3,SNX9,SPRY2,STK24,STXBP3,TIMP2,TLR2,TMSB10,VTA1,YTHDF3",0.65304638991656,down,C0_vs_None,C0
Pericytes,2915,321,106,13,1.13499521332185,0.38329523259377,0.636021559751021,"BST1,ITIH5,ITPA,LMOD1,MAP2K6,MAX,MYL3,PPP1R12A,PPP1R14A,PTPN6,RHOC,SMAD3,TMEM132A",0.715524254719899,down,C0_vs_None,C0
Microglial cells,2915,1150,51,18,0.834634741798468,0.77413157192669,0.567087225092833,"ATRN,C3,CTSL,ERN1,IL18R1,ITGBL1,LCP1,LRIG1,MFAP3,NPTN,NTRK2,PAMR1,PDXDC1,RBM25,RPL14,S100A11,SIL1,TIMP3",0.729112146547928,up,C1_vs_None,C1
Excitatory neurons,2915,1114,51,17,0.805453218217793,0.80683005647198,0.561419506728696,"ATRN,CTSL,FTCD,IGSF3,LRIG1,MFAP3,NPTN,NTRK2,PAMR1,PDXDC1,PTPRF,RBM25,RPL14,SIL1,STX1B,TDP1,TIMP3",0.729112146547928,up,C1_vs_None,C1
Astrocytes,2915,1116,51,17,0.803077157349786,0.809588168168213,0.561444887681449,"ATRN,CTSL,GPRC5C,HGF,KIAA2013,LRIG1,LRIG3,MFAP3,NPTN,NTRK2,PAMR1,PDXDC1,PTPRF,RBM25,RPL14,SIL1,TIMP3",0.729112146547928,up,C1_vs_None,C1
monocytes,2915,1227,106,47,1.09968989919045,0.351559492849524,0.688728684097287,"AHCY,AKT3,AP2B1,APRT,BST1,CD84,CDC37,CLTA,CRELD2,CSDE1,DAPP1,DDX1,EP300,FES,FLI1,HARS1,HDGF,IMPA1,ITPA,MAX,MCFD2,MDM1,MESD,MFAP4,MOCS2,NUDT16,PPP1R12A,PPP1R2,PRKAR1A,PTPN6,RALY,RGS10,RHOC,SERPINB1,SMAD3,SNX9,STK24,STXBP3,TACC3,TIMP2,TLR2,TMSB10,TRIAP1,TTF2,TXNDC9,VTA1,YTHDF3",0.729242136103009,down,C0_vs_None,C0
T-cells,2915,1271,55,21,0.795591362472788,0.83020930038334,0.492918290854877,"ARAF,BLOC1S2,CD83,COQ7,EDEM2,FUOM,GAMT,HMOX2,LCP1,LRCH4,MRPL28,PDXDC1,RBM19,SART1,SDHB,SEPTIN7,SNU13,TXK,TXNDC15,VAMP5,VEGFB",0.739377436282316,up,C0_vs_None,C0
granulocytes,2915,1277,55,21,0.788842308341853,0.837928373735276,0.414206646680334,"ARAF,BLOC1S2,CD83,COQ7,CXADR,EDEM2,FUOM,GAMT,HMOX2,LCP1,MRPL28,PDXDC1,RBKS,RBM19,SART1,SDHB,SEPTIN7,SNU13,TXNDC15,VAMP5,VEGFB",0.739377436282316,up,C0_vs_None,C0
Oligodendrocytes,2915,1062,55,17,0.777069688786757,0.84155925641808,0.47966829417178,"ALMS1,BLOC1S2,CXADR,ERBB4,GAMT,HMOX2,NMNAT1,PDXDC1,RBM19,SDHB,SEPTIN7,SNU13,TAGLN3,TSPAN8,TXNDC15,VEGFB,VSNL1",0.739377436282316,up,C0_vs_None,C0
NK-cells,2915,1142,98,41,1.12103901379134,0.326740540195598,0.599592333094217,"APRT,ARFIP1,ATG16L1,ATOX1,CASP7,CD3D,CD58,COPB2,COX6B1,CPQ,CRELD2,CSNK2A1,CTSB,DDA1,EIF5,GLO1,GOLGA3,HNRNPK,INPP1,ITGB1BP1,MAP1LC3A,MAPKAPK2,MORC3,MRPL58,NECAP2,NUMB,PIBF1,PMS1,PPIF,RAB2B,RAD23B,RANBP2,RGS10,RPS10,SAT2,SLA2,STAT2,TERF1,TNPO1,UHRF2,UNG",0.776029180973625,down,C1_vs_None,C1
B-cells,2915,1205,98,43,1.11347591781345,0.337459335274137,0.603578251868375,"APRT,ARFIP1,ATOX1,CASP7,CD3D,CD58,COPB2,COX6B1,CPQ,CRELD2,CSNK2A1,CTNNA1,CTSB,DDA1,EIF5,GLB1,GLO1,GOLGA3,HNRNPK,ICOSLG,IL13RA1,ITGB1BP1,LILRA4,MAP1LC3A,MAPKAPK2,MORC3,MRPL58,NECAP2,NUMB,PIBF1,PMS1,PPIF,RAB2B,RAD23B,RANBP2,RGS10,RPS10,SAT2,STAT2,TERF1,TNPO1,UHRF2,ZBTB17",0.776029180973625,down,C1_vs_None,C1
NK-cells,2915,1142,55,19,0.816409848505192,0.80141581924547,0.577339236057809,"ARAF,BLOC1S2,CD83,COQ7,EDEM2,FUOM,HMOX2,LCP1,MRPL28,PDXDC1,RBM19,SART1,SDHB,SEPTIN7,SNU13,TXK,TXNDC15,VAMP5,VEGFB",0.799392788387736,up,C0_vs_None,C0
T-cells,2915,1271,98,45,1.1017966812185,0.355654278465228,0.678937344880479,"APRT,ARFIP1,ATG16L1,ATOX1,CASP7,CD3D,CD58,COPB2,COX6B1,CPQ,CRELD2,CSNK2A1,CTNNA1,CTSB,DDA1,EIF5,GLB1,GLO1,GOLGA3,HNRNPK,ITGB1BP1,MAP1LC3A,MAPKAPK2,MORC3,MRPL58,NECAP2,NUMB,PIBF1,PMS1,PPIF,RAB2B,RAD23B,RANBP2,RGS10,RPS10,RTKN2,SAT2,SLA2,SPINK5,STAT2,TERF1,TNPO1,UHRF2,UNG,ZBTB17",0.814724813856575,down,C1_vs_None,C1
Smooth muscle,2915,724,55,15,1.13762176721182,0.386695571144043,0.639346357342248,"ARAF,CASQ2,COQ7,GAMT,HMOX2,MRPL28,PDXDC1,SART1,SDHB,SNU13,SOD3,TSPAN8,TXNDC15,VAMP5,VEGFB",0.822016745154319,up,C0_vs_None,C0
Plasma cells,2915,1224,98,43,1.08299623013924,0.387562180443732,0.754992864931993,"APRT,ARFIP1,ATOX1,CASP7,CD3D,CD58,COPB2,COX6B1,CPQ,CRELD2,CSNK2A1,CTNNA1,CTSB,DDA1,EIF5,GC,GLB1,GLO1,GOLGA3,HNRNPK,INPP1,ITGB1BP1,MAPKAPK2,MMP7,MMUT,MORC3,MRPL58,NECAP2,NUMB,PIBF1,PMS1,PPIF,RAB2B,RAD23B,RANBP2,RGS10,RPS10,SAT2,STAT2,TERF1,TNPO1,UHRF2,UNG",0.849366973048492,down,C1_vs_None,C1
Oligodendrocytes,2915,1062,51,17,0.870356033982032,0.726380435808865,0.769347253383699,"ATRN,CTSL,FTCD,KIAA2013,LRIG1,LRIG3,MFAP3,NPTN,NTRK2,PDXDC1,PTPRF,RBM25,RBP1,RPL14,SETMAR,SIL1,TDP1",0.865515660056661,up,C1_vs_None,C1
Smooth muscle,2915,724,51,11,0.829683085477667,0.75630145937524,0.743611179706433,"A1BG,CTSL,GPRC5C,HGF,LRIG1,NPTN,NTRK2,PDXDC1,RPL14,S100A11,TIMP3",0.865515660056661,up,C1_vs_None,C1
Pericytes,2915,321,51,6,1.07893969800197,0.49775747172709,0.821088780053062,"CTSL,GPRC5C,LRIG1,S100A11,SIL1,TIMP3",0.869388120056183,up,C1_vs_None,C1
Oligodendrocyte precursor cells,2915,1015,70,29,1.33339183114831,0.147543793538855,0.253998972987403,"ACAA1,ADAM9,AGRN,ALDH5A1,ATF4,ATXN2,CNTN3,CSTB,DOCK9,DPY30,DTNB,ENAH,ENOX2,HIP1R,HS6ST2,IGDCC3,LAMP2,NGRN,NPDC1,PADI2,PKD2,PON2,PRCP,RBFOX3,RNF41,SNRPB2,SYT1,TPR,ZHX2",0.903773932924094,down,C2_vs_None,C2
Excitatory neurons,2915,1114,70,31,1.29308713783033,0.175013355322226,0.319612056179379,"ACAA1,ADAM9,AGRN,ALDH5A1,ATF4,ATXN2,CNTN3,CSTB,DOCK9,DPY30,DTNB,ENAH,ENOX2,FTCD,HIP1R,HS6ST2,LAMP2,LDLR,NDUFS6,NGRN,NMNAT1,NPDC1,PILRA,PKD2,PRCP,RBFOX3,RNF41,SNRPB2,SYT1,TPR,WDR46",0.903773932924094,down,C2_vs_None,C2
Endothelial,2915,1019,70,28,1.24710362085465,0.21961570275183,0.376430709353222,"ACAA1,AGRN,AIF1,ATXN2,CSTB,DOCK9,DPY30,EDN1,ENAH,HHEX,HIP1R,IL13RA1,KLF4,LAMP2,LDLR,NDUFS6,NPDC1,PKD2,PON2,PRCP,RNF41,SART1,SEMA3F,SNRPB2,STX16,TCOF1,TPR,WDR46",0.903773932924094,down,C2_vs_None,C2
Oligodendrocytes,2915,1062,70,28,1.16756218936697,0.305072921672366,0.531772066632097,"ACAA1,ADAM9,AGRN,ATF4,ATXN2,CSTB,DOCK9,DPY30,DTNB,ENAH,ENOX2,FTCD,GPR37,HIP1R,LAMP2,LDLR,NDUFS6,NGRN,NMNAT1,NPDC1,PADI2,PKD2,PON2,RNF41,SNRPB2,SYT1,TPR,ZHX2",0.903773932924094,down,C2_vs_None,C2
Astrocytes,2915,1116,70,29,1.14388252254635,0.333405031078493,0.61925970144439,"ACAA1,ADAM9,AGRN,ALDH5A1,ATF4,ATXN2,CNTN3,CSTB,DCXR,DOCK9,DTNB,ENAH,ENOX2,HIP1R,IGDCC3,LAMP2,LDLR,NDUFS6,NGRN,NPDC1,PADI2,PKD2,PON2,PRCP,RNF41,SYT1,TGFB2,TPR,ZHX2",0.903773932924094,down,C2_vs_None,C2
Smooth muscle,2915,724,70,18,1.04874431187384,0.478301898453337,0.888711232450097,"ADAM9,AGRN,AIF1,ATF4,CSTB,DPY30,ENAH,IL13RA1,KLF4,NDUFS6,NPDC1,PKD2,RNF41,SART1,SNRPB2,TGFB2,TPR,WDR46",0.903773932924094,down,C2_vs_None,C2
Inhibitory neurons,2915,1145,70,28,1.03134197990699,0.496191888171671,0.901974381191823,"ACAA1,ADAM9,ALDH5A1,ATF4,ATXN2,CNTN3,CSTB,DOCK9,DPY30,DTNB,ENAH,ENOX2,HS6ST2,LAMP2,NDUFS6,NGRN,NMNAT1,NPDC1,PILRA,PKD2,PRCP,RBFOX3,RNF41,SNRPB2,SYT1,TGFB2,TPR,ZHX2",0.903773932924094,down,C2_vs_None,C2
T-cells,2915,1271,70,31,1.02884739984848,0.500095388734274,0.903614447208963,"ACAA1,AIF1,ATF4,ATXN2,CD244,CSTB,DCXR,DOCK9,DPY30,DTNB,ENOX2,FABP4,HIP1R,KLF4,KRT17,LAMP2,LDLR,LMNB2,NDUFS6,NGRN,NPDC1,PRCP,RNF41,RRM2,SART1,SNRPB2,STX16,TCOF1,TPR,WDR46,ZHX2",0.903773932924094,down,C2_vs_None,C2
Macrophages,2915,1416,70,33,0.942837804887537,0.641550823332441,0.903773932924094,"ACAA1,ADAM9,AIF1,ATF4,ATXN2,CCL18,CD300C,CSTB,DCXR,DPY30,ENOX2,FABP4,HHEX,IL13RA1,KLF4,KRT17,LAMP2,LDLR,LMNB2,MMP7,NDUFS6,PADI2,PILRA,PKD2,PON2,PRCP,RNF41,SART1,SNRPB2,STX16,TCOF1,TPR,WDR46",0.903773932924094,down,C2_vs_None,C2
monocytes,2915,1227,70,28,0.915214553014446,0.68306227226322,0.806669409979519,"ACAA1,ADAM9,AIF1,ATF4,ATXN2,CD244,CD300C,CSTB,DCXR,DPY30,ENOX2,HHEX,IL13RA1,KLF4,LAMP2,LDLR,LMNB2,NDUFS6,PILRA,PRCP,RNF41,SART1,SNRPB2,STX16,TCOF1,TPR,WDR46,ZHX2",0.903773932924094,down,C2_vs_None,C2
Microglial cells,2915,1150,70,26,0.904776564033525,0.697494223286455,0.712560002466763,"ACAA1,ADAM9,AGRN,ATF4,ATXN2,CSTB,DOCK9,DPY30,DTNB,ENAH,ENOX2,IL13RA1,KLF4,LAMP2,NDUFS6,NGRN,NPDC1,PADI2,PILRA,PKD2,PON2,PRCP,SYT1,TGFB2,TPR,ZHX2",0.903773932924094,down,C2_vs_None,C2
dendritic cells,2915,1115,70,25,0.894510770533615,0.712114716586458,0.709991260652633,"ACAA1,ADAM9,AIF1,ALDH5A1,ATF4,ATXN2,CSTB,DCXR,DPY30,HHEX,IL13RA1,KLF4,LAMP2,LDLR,NDUFS6,PON2,PRCP,RNF41,SART1,SNRPB2,STX16,TCOF1,TPR,WDR46,ZHX2",0.903773932924094,down,C2_vs_None,C2
B-cells,2915,1205,70,27,0.88856389492319,0.723669752606967,0.712888176250487,"ACAA1,AIF1,ALDH5A1,ATF4,ATXN2,CSTB,DCXR,DPY30,DTNB,ENOX2,HHEX,HIP1R,IL13RA1,KLF4,LAMP2,NDUFS6,NGRN,PRCP,RNF41,SART1,SNRPB2,STX16,SYT1,TCOF1,TPR,WDR46,ZHX2",0.903773932924094,down,C2_vs_None,C2
NK-cells,2915,1142,70,25,0.859517167847558,0.764273962763904,0.620658749176002,"ACAA1,AIF1,ATF4,ATXN2,CD244,CSTB,DCXR,DPY30,ENOX2,HHEX,HIP1R,LAMP2,LDLR,LMNB2,NDUFS6,PON2,PRCP,RNF41,SART1,SNRPB2,STX16,TCOF1,TPR,WDR46,ZHX2",0.903773932924094,down,C2_vs_None,C2
granulocytes,2915,1277,70,28,0.851928168191695,0.779221498783891,0.544164698477173,"ACAA1,ADAM9,AIF1,ALDH5A1,ATF4,ATXN2,CSTB,DCXR,DPY30,ENOX2,FABP4,HHEX,KLF4,KRT17,LAMP2,LDLR,MMP7,NDUFS6,PADI2,PON2,PRCP,RNF41,SART1,SNRPB2,STX16,TCOF1,TPR,WDR46",0.903773932924094,down,C2_vs_None,C2
Plasma cells,2915,1224,70,26,0.812433925057949,0.829857799467624,0.462669675446024,"ACAA1,ALDH5A1,ATF4,ATXN2,CSTB,DCXR,DPY30,ENOX2,HIP1R,KLF4,LAMP2,LDLR,LMNB2,MMP7,NDUFS6,NGRN,PRCP,RNF41,RRM2,SART1,SNRPB2,STX16,TCOF1,TPR,WDR46,ZHX2",0.903773932924094,down,C2_vs_None,C2
Fibroblasts,2915,173,70,1,0.225291455819491,0.986909918145383,0.1252839136866,FABP4,0.903773932924094,down,C2_vs_None,C2
Pericytes,2915,321,70,3,0.355900832198545,0.987518640467516,0.0797924874203405,"AGRN,DOCK9,FABP4",0.903773932924094,down,C2_vs_None,C2
Plasma cells,2915,1224,55,22,0.919586901818717,0.667647285544213,0.784782799465135,"ALMS1,ARAF,ASS1,BLOC1S2,CD83,COQ7,EDEM2,FUOM,GAMT,HMOX2,LCP1,MRPL28,PDXDC1,PGLYRP2,RBM19,SART1,SDHB,SEPTIN7,SNU13,TXNDC15,VAMP5,VEGFB",0.941739359358161,up,C0_vs_None,C0
B-cells,2915,1205,55,22,0.945064857090934,0.630929127592804,0.890705225208399,"ARAF,ASS1,BLOC1S2,CD83,COQ7,EDEM2,FUOM,GAMT,HMOX2,LCP1,LRCH4,MRPL28,PDXDC1,RBM19,SART1,SDHB,SEPTIN7,SNU13,TCL1A,TXNDC15,VAMP5,VEGFB",0.943099650220658,up,C0_vs_None,C0
dendritic cells,2915,1115,55,20,0.921084588936348,0.663293325807632,0.8887702355907,"ALMS1,ARAF,BLOC1S2,CD83,COQ7,EDEM2,FUOM,GAMT,HMOX2,LCP1,MRPL28,PDXDC1,SART1,SDHB,SEPTIN7,SNU13,TCL1A,TXNDC15,VAMP5,VEGFB",0.943099650220658,up,C0_vs_None,C0
Smooth muscle,2915,724,98,25,1.03767494662533,0.47741968484572,0.905354371658522,"ADAM9,APRT,ARFIP1,ATP1B2,CD58,COPB2,COX6B1,CPQ,CRELD2,CX3CL1,DDA1,EIF5,GOLGA3,IL13RA1,INPP1,ITGB1BP1,MAP1LC3A,MAPKAPK2,MRPL58,PIBF1,PPIF,RANBP2,RGS10,RPS10,SAT2",0.958610511167847,down,C1_vs_None,C1
Pericytes,2915,321,55,6,0.989313443663714,0.574766034806112,1,"CD83,FUOM,LRCH4,SOD3,TSPAN8,VAMP5",1,up,C0_vs_None,C0
Fibroblasts,2915,173,106,6,0.949236722074469,0.609459751115612,1,"AKAP12,BST1,F2R,ITIH5,LMOD1,MFAP4",1,down,C0_vs_None,C0
Plasma cells,2915,1224,51,21,0.966508151408736,0.600439492208395,1,"ATRN,C3,CCL21,CFB,CTSL,ERN1,FBP1,FGA,KIAA2013,LCP1,MFAP3,NPTN,PDXDC1,RBM25,RBP1,RPL14,S100A11,SIL1,SPINK1,TDP1,TIMP3",1,up,C1_vs_None,C1
Macrophages,2915,1416,98,48,1.01683884508733,0.508223989994489,1,"ADAM9,APRT,ARFIP1,ATOX1,CASP7,CD3D,CD58,COPB2,COX6B1,CPQ,CRELD2,CSNK2A1,CTNNA1,CTSB,DDA1,DNM1,EIF5,GLB1,GLO1,GOLGA3,HNRNPK,ICOSLG,IL13RA1,INPP1,ITGB1BP1,MAP1LC3A,MAPKAPK2,MMP7,MMUT,MORC3,MRPL58,NECAP2,NUMB,PMS1,PPIF,PROCR,RAB2B,RAD23B,RANBP2,RGS10,RPS10,SAT2,SMPDL3A,SPINK5,STAT2,TERF1,TNPO1,UHRF2",1,down,C1_vs_None,C1
